<?xml version="1.0" encoding="UTF-8"?>
<project-private xmlns="http://www.netbeans.org/ns/project-private/1">
    <editor-bookmarks xmlns="http://www.netbeans.org/ns/editor-bookmarks/2" lastBookmarkId="0"/>
    <open-files xmlns="http://www.netbeans.org/ns/projectui-open-files/2">
        <group>
            <file>file:/D:/travail/informatique/Licence%20L3/TP/Mop/Transjurassienne/transjurassienne/src/Course.java</file>
            <file>file:/D:/travail/informatique/Licence%20L3/TP/Mop/Transjurassienne/transjurassienne/src/CourseFemme.java</file>
            <file>file:/D:/travail/informatique/Licence%20L3/TP/Mop/Transjurassienne/transjurassienne/src/CourseHomme.java</file>
            <file>file:/D:/travail/informatique/Licence%20L3/TP/Mop/Transjurassienne/transjurassienne/src/Inscription.java</file>
            <file>file:/D:/travail/informatique/Licence%20L3/TP/Mop/Transjurassienne/transjurassienne/src/Main.java</file>
            <file>file:/D:/travail/informatique/Licence%20L3/TP/Mop/Transjurassienne/transjurassienne/src/Personne.java</file>
            <file>file:/D:/travail/informatique/Licence%20L3/TP/Mop/Transjurassienne/transjurassienne/src/Fenetre.java</file>
            <file>file:/D:/travail/informatique/Licence%20L3/TP/Mop/Transjurassienne/transjurassienne/src/Categorie.java</file>
            <file>file:/D:/travail/informatique/Licence%20L3/TP/Mop/Transjurassienne/transjurassienne/src/Data.java</file>
            <file>file:/D:/travail/informatique/Licence%20L3/TP/Mop/Transjurassienne/transjurassienne/src/EcouteurBoutonChoix.java</file>
        </group>
    </open-files>
</project-private>
